,Product Name,Category,key word
0,寬鬆顯瘦大碼運動套裝T恤女夏季胖mm短袖短褲時尚休閒服兩件套,Female Clothes,"[[('坎肩', 0.9963735342025757)], [('男潮', 0.9967364072799683)], [('運動上衣', 0.9957097172737122)], [('汗背心', 0.9928315877914429)], [('愛迪達女', 0.9613074064254761)]]"
1,♬【現貨實拍】夏季新款 2017韓版熱銷淑女夏裝間約氣質條紋背心吊帶連體褲顯瘦闊腿褲,Female Clothes,"[[('坎肩', 0.9981047511100769)], [('坎肩', 0.9965722560882568)], [('坎肩', 0.9980881810188293)], [('超短褲', 0.9906607866287231)], [('夏褲', 0.9669225215911865)]]"
2,新款時尚大碼女士服裝韓版印花短袖 t恤女夏寬鬆顯瘦,Female Clothes,"[[('坎肩', 0.997592031955719)], [('無袖', 0.9965960383415222)], [('坎肩', 0.9976968765258789)], [('超短褲', 0.9909390211105347)], [('寬鬆短褲', 0.9540180563926697)]]"
3,a la sha 粉紅色阿財長版上衣,Female Clothes,"[[('android保護殼', 0.9967342615127563)], [('racast', 0.997551441192627)], [('用', 0.9979652166366577)], [('代步', 0.996961236000061)], [('浪', 0.9883855581283569)], [('花框', 0.9560279250144958)]]"
4,女人的店~上班短裙.包臀裙.西裝裙(垂性很好.不易皺.不起球.不沾毛) 350元,Female Clothes,"[[('棉質', 0.9980098605155945)], [('棉質', 0.9964991807937622)], [('運動上衣', 0.9954666495323181)], [('套裝', 0.9921109676361084)], [('愛迪達女', 0.9742096066474915)]]"
5,夏季韓版學生內衣無肩帶文胸隱形聚攏防滑無痕胸貼無鋼圈胸罩女士,Female Clothes,"[[('舒適', 0.9981019496917725)], [('舒適', 0.9973055124282837)], [('舒適', 0.9955999851226807)], [('背心', 0.9938043355941772)], [('bs4957', 0.9758188724517822)]]"
6,夏季韓版學生內衣無肩帶文胸隱形聚攏防滑無痕胸貼無鋼圈胸罩女士,Female Clothes,"[[('舒適', 0.9981019496917725)], [('舒適', 0.9973055124282837)], [('舒適', 0.9955999851226807)], [('背心', 0.9938043355941772)], [('bs4957', 0.9758188724517822)]]"
7,✨（現貨+預購）超百搭兩件式牛仔套裝荷葉上衣+寬褲,Female Clothes,"[[('羅紋', 0.996656060218811)], [('七分', 0.9968690872192383)], [('寬褲', 0.998087465763092)], [('舒適', 0.9964754581451416)], [('內襯', 0.9742430448532104)]]"
8,KB短裙,Female Clothes,"[[('暗黑系', 0.9972330331802368)], [('圓弧', 0.9985620975494385)], [('外套、罩衫', 0.9968131184577942)], [('七分袖', 0.9867737889289856)], [('睡衣套裝', 0.9632296562194824)]]"
9,CHICNOON 歐美單春夏新款歐洲站飛鳥條紋印花中長裙女 zara/H&M/pull bear,Female Clothes,"[[('白色', 0.9971676468849182)], [('白色', 0.9986308217048645)], [('棉質', 0.9959676861763)], [('五分袖', 0.9901971817016602)], [('字褲', 0.9729833602905273)]]"
10,AJ喬丹飛人 &supreme 聯合版連帽抓絨純棉套頭衛衣 時尚潮牌黑紅色外套 男裝,Female Clothes,"[[('同款', 0.9979795217514038)], [('蝙蝠', 0.9917112588882446)], [('袖', 0.9913458824157715)], [('a&f', 0.9760674238204956)]]"
11,AJ喬丹飛人 &supreme 聯合版連帽抓絨純棉套頭衛衣 時尚潮牌黑紅色外套 男裝,Female Clothes,"[[('同款', 0.9979795217514038)], [('蝙蝠', 0.9917112588882446)], [('袖', 0.9913458824157715)], [('a&f', 0.9760674238204956)]]"
12,現貨韓版顯瘦泳衣健身瑜珈背心式泳衣四角褲 顯瘦遊泳課溫泉泳裝大尺碼保守學生比基尼bikini兩截式voda,Female Clothes,"[[('加肥', 0.9949792623519897)], [('大碼泳衣', 0.9948704242706299)], [('大碼泳衣', 0.993730902671814)], [('加肥', 0.9906478524208069)], [('ck內褲', 0.9682564735412598)]]"
13,Pazzo粗細條紋針織背心 原價390$,Female Clothes,"[[('舒適', 0.9977058172225952)], [('舒適', 0.997575044631958)], [('排汗', 0.9954894781112671)], [('背心', 0.9933081865310669)], [('塑型', 0.9782745242118835)]]"
14,2套2100 nike情侶套裝 愛迪達運動套裝 男女運動裝 男套裝 女套裝 情侶裝 健身服 運動服 短袖套裝 短袖運動褲,Female Clothes,"[[('棉質', 0.9980158805847168)], [('棉質', 0.998989462852478)], [('棉質', 0.9956479072570801)], [('五分袖', 0.9924899935722351)], [('af短褲', 0.9783492684364319)]]"
15,❤現貨秒發❤2017春夏新款日系lolita洋裝圓領長袖領結白色修身蕾絲雪紡襯衫女,Female Clothes,"[[('舒適', 0.9976210594177246)], [('坎肩', 0.9971182346343994)], [('男士', 0.996080756187439)], [('汗背心', 0.9950439929962158)], [('塑型', 0.985575258731842)]]"
16,日風 夏天神器 舒適輕柔亞麻九分吊帶褲 Naomi --- SHU3357R 黑-- 雙口袋連身褲 闊腿褲寬褲,Female Clothes,"[[('鬆緊', 0.9973292350769043)], [('沙灘', 0.9968248009681702)], [('鬆緊', 0.9977389574050903)], [('背心', 0.9913147687911987)]]"
17,「預購」KENZO刺繡套裝,Female Clothes,"[[('夏天', 0.9971946477890015)], [('舒適', 0.9970445036888123)], [('運動上衣', 0.995948314666748)], [('套裝', 0.9935683012008667)], [('塑型', 0.9807229042053223)]]"
18,Breeze 波希米亞度假海邊夏天沙灘 細肩帶連身褲 吊帶連身褲 闊腿褲 寬褲 寬鬆休閒 性感 顯高顯瘦 AAF41,Female Clothes,"[[('沙灘', 0.9969425201416016)], [('沙灘', 0.9970002770423889)], [('闊腿褲', 0.9968757629394531)], [('透氣', 0.9947332143783569)]]"
19,Mika🌸雪紡粉色暈染套裝🌸上衣+短褲💕,Female Clothes,"[[('洛克', 0.9973282814025879)], [('特別', 0.9974945783615112)], [('綠', 0.9980031251907349)], [('涼感', 0.9917597770690918)], [('喜感', 0.9602315425872803)]]"
20,Mika🌸雪紡粉色暈染套裝🌸上衣+短褲💕,Female Clothes,"[[('洛克', 0.9973282814025879)], [('特別', 0.9974945783615112)], [('綠', 0.9980031251907349)], [('涼感', 0.9917597770690918)], [('喜感', 0.9602315425872803)]]"
21,♡RC♡歐美 韓版 性感 針織 細肩帶 荷葉邊 露肩 露背 顯瘦 羅紋 棉質 合身 修身 彈性 吊帶背心 新品特價,Female Clothes,"[[('內搭', 0.998063862323761)], [('寬褲', 0.9969937205314636)], [('功夫', 0.9965705275535583)], [('背心', 0.9919010400772095)], [('牛仔背心', 0.9608438014984131)]]"
22,厲害版型👍Korea淺刷色直筒褲,Female Clothes,"[[('服飾', 0.9971557855606079)], [('圓弧', 0.9984331727027893)], [('外套、罩衫', 0.9968520402908325)], [('短袖帽t', 0.9861240386962891)]]"
23,情趣內衣/情趣睡衣情趣內衣女騷極度誘惑女傭裝角色扮演女仆開檔SM制服透視睡衣套裝,Female Clothes,"[[('舒適', 0.9976732730865479)], [('針織', 0.9970955848693848)], [('坎肩', 0.9975441098213196)], [('背心', 0.9939739108085632)], [('無袖背心', 0.9714720845222473)]]"
24,#情侶時代 夏季原宿風淺色破洞條紋九分牛仔褲男女毛邊乞丐哈倫褲,Female Clothes,"[[('坎肩', 0.9964277744293213)], [('無袖', 0.9963076114654541)], [('針織', 0.9972772598266602)], [('坎肩', 0.9955161809921265)], [('運動內衣', 0.9504878520965576)]]"
25,📣滿499免運📣 全網最低 僅需29元 莫代爾吊帶背心女上衣歐美百搭短款修身顯瘦打底外穿黑色吊帶背心女生衣著,Female Clothes,"[[('舒適', 0.9970449805259705)], [('燕尾', 0.9969394207000732)], [('男士', 0.9951530694961548)], [('功夫', 0.9943233728408813)], [('瑜伽', 0.9825217723846436)]]"
26,Roots運動短褲(🇨🇦代購8/27回國),Female Clothes,"[[('排汗衫', 0.997265100479126)], [('白色', 0.9984944462776184)], [('外套、罩衫', 0.9955193400382996)], [('套裝', 0.9898898005485535)], [('字褲', 0.9679883122444153)]]"
27,現貨32C🍒新款維多利亞的秘密PINK熱帶印花前釦蕾絲push-up集中內衣蕾絲內褲成套內衣褲🍒櫻桃娜娜美國代購🍒,Female Clothes,"[[('鯊魚', 0.9979457855224609)], [('白色', 0.9979469776153564)], [('七分', 0.9948389530181885)], [('運動裝', 0.9858169555664062)]]"
28,全館滿99免運 時尚潮流英文短袖T恤【M~XXL共三色】簡約上衣新品新款潮流 熱銷批發價 蝦幣可折抵 KuangXiao,Female Clothes,"[[('骷髏', 0.9969897270202637)], [('死飛', 0.9955203533172607)], [('外套、罩衫', 0.9955959320068359)], [('黑速', 0.9840561151504517)], [('暈染', 0.9547618627548218)]]"
29,林鴒vielglückxfeila蕾拉午茶粉色雙層疊紗蕾絲吊帶褲林鴒設計,Female Clothes,"[[('沙灘', 0.9960582256317139)], [('羅紋', 0.9966498017311096)], [('連體', 0.9984950423240662)], [('舒適', 0.9951047897338867)], [('內襯', 0.986202597618103)]]"
30,Queen shop 勾花蕾絲背心短褲套裝,Female Clothes,"[[('深藍色', 0.9973254203796387)], [('舒適', 0.9970800876617432)], [('舒適', 0.996129035949707)], [('功夫', 0.993434727191925)], [('bs4957', 0.9701755046844482)]]"
31,LZ 暗黑小立領貝殼釦短版露肚氣質修身無袖上衣背心,Female Clothes,"[[('棉質', 0.9974583983421326)], [('坎肩', 0.9961999654769897)], [('運動上衣', 0.9960981607437134)], [('套裝', 0.9950289130210876)], [('塑型', 0.9841179847717285)]]"
32,麻豆小貓同款花兒刺繡 層層綿紗洋裝/甜美氣質款/孕婦可穿,Female Clothes,"[[('夏天', 0.9971674680709839)], [('舒適', 0.9974009990692139)], [('運動上衣', 0.9959137439727783)], [('套裝', 0.9939161539077759)], [('塑型', 0.9817404747009277)]]"
33,SISI【P5036】波西米亞風垂感百褶裙莫代爾棉質傘狀大襬拖地長裙半身裙,Female Clothes,"[[('排汗衫', 0.9976182579994202)], [('白色', 0.9984830021858215)], [('外套、罩衫', 0.9963789582252502)], [('七分', 0.9877486228942871)], [('睡衣套裝', 0.9666675925254822)]]"
34,fish&fish☆韓版☆全新 側開叉虛虛牛仔不規則破洞裙 牛仔長裙 裙子 丹寧 牛仔裙 特價300元,Female Clothes,"[[('針織', 0.9973304271697998)], [('針織', 0.9961782097816467)], [('鬆緊', 0.9974477291107178)], [('背心', 0.9916441440582275)]]"
35,韓國正品/日系清新~細版吊帶超寬鬆舒適感棉麻透氣連身寬褲/吊帶褲裙 /顯瘦款推薦 /2色#12576320,Female Clothes,"[[('寬褲', 0.9971965551376343)], [('寬褲', 0.997413694858551)], [('連體', 0.9980589151382446)], [('透氣', 0.9945566654205322)]]"
36,Victoria's Secret 超性感馬甲內衣～可變換肩帶,Female Clothes,"[[('口袋', 0.9978374242782593)], [('內搭', 0.9973599314689636)], [('功夫', 0.9977798461914062)], [('三分', 0.9893308877944946)], [('爆乳內衣', 0.9552368521690369)]]"
37,轉售全新EYESCREAM氣質條紋百褶洋裝,Female Clothes,"[[('排汗衫', 0.9974334239959717)], [('棉', 0.9974788427352905)], [('外套、罩衫', 0.9974907040596008)], [('女生', 0.9872902631759644)], [('鍛煉', 0.9536198377609253)]]"
38,不規則穿搭**現貨**小編大推推推 ^^^怎麼穿搭都好看/大小SIZE**孕媽咪也瘋狂實體拍攝當天下單隔天出貨,Female Clothes,"[[('棉質', 0.9972358345985413)], [('棉質', 0.9969332218170166)], [('運動上衣', 0.9963259696960449)], [('排汗', 0.9945615530014038)], [('健身服', 0.9849485754966736)]]"
39,BTS防彈少年團同款衣服周邊學生應援短袖 兩件套T恤+短裙 (黑色),Female Clothes,"[[('坎肩', 0.9963380098342896)], [('男潮', 0.996788740158081)], [('壓縮', 0.9960034489631653)], [('套裝', 0.9943294525146484)], [('瘋潮路', 0.9605392217636108)]]"
40,現貨❤歐美緹花蕾絲連身褲,Female Clothes,"[[('壘球', 0.9978578686714172)], [('口袋', 0.996863842010498)], [('功夫', 0.9963661432266235)], [('重訓', 0.9889702200889587)]]"
41,星光密碼【B062】大尺碼甜蜜幻想透黑蓓蕾柔緞情趣性感睡衣,Female Clothes,"[[('加肥', 0.9953573942184448)], [('加肥', 0.9959019422531128)], [('加肥', 0.9945011734962463)], [('大尺碼洋裝', 0.9899406433105469)], [('女生內褲', 0.9748542904853821)]]"
42,限時免運★梨卡 - 韓式藍羽毛情侶款[男+女一起帶]長袖四件式泳衣比基尼泳裝衝浪浮淺潛水衣潛水服CR139,Female Clothes,"[[('純', 0.996711015701294)], [('黑白', 0.9965181350708008)], [('當', 0.996371865272522)], [('男式', 0.9837664365768433)]]"
43,罌//暗黑系 日本傳統和服 仙鶴刺繡雪紡長版 浴袍式 罩衫-黑-現貨,Female Clothes,"[[('舒適', 0.9970755577087402)], [('舒適', 0.9976196885108948)], [('運動上衣', 0.9957230091094971)], [('套裝', 0.9937783479690552)], [('塑型', 0.9803453683853149)]]"
44,東京著衣【KODZ】清新氣質背部交叉無袖洋裝-S.M.L(170566),Female Clothes,"[[('高領', 0.9958526492118835)], [('羅紋', 0.9964725971221924)], [('連體', 0.9973013997077942)], [('男士', 0.994846761226654)], [('三線褲', 0.9919771552085876)]]"
45,星光密碼【B068】大尺碼粉橘氣質蕾絲柔緞情趣性感睡衣,Female Clothes,"[[('內睡衣', 0.9966158270835876)], [('內睡衣', 0.996731162071228)], [('內睡衣', 0.9936270713806152)], [('美背內衣', 0.9934332370758057)], [('透氣', 0.9845741391181946)]]"
46,近全新 購於糖罐子 布蕾絲黑色短褲S號,Female Clothes,"[[('暗黑系', 0.9967067837715149)], [('圓弧', 0.9983052015304565)], [('外套、罩衫', 0.9964447617530823)], [('男式', 0.9863168001174927)], [('速乾超', 0.9543654918670654)]]"
47,網路獨家 A la sha 抹茶的好朋友 短袖T恤 印花上衣,Female Clothes,"[[('滑板', 0.9971802234649658)], [('polo衫', 0.9955899715423584)], [('當', 0.9953411221504211)], [('素', 0.9895915985107422)], [('字褲', 0.9647753238677979)]]"
48,現貨夏季新款韓版氣質淑女修身蕾絲連衣裙短袖顯瘦赫本A字小黑裙韓系女裝,Female Clothes,"[[('舒適', 0.9977172613143921)], [('舒適', 0.9980504512786865)], [('排汗', 0.9953713417053223)], [('汗背心', 0.9921227693557739)], [('嘻哈褲', 0.9690575003623962)]]"
49,【Only】 运动套装顯瘦📣滿499免運📣韓妞必備❤️韓风百搭寬鬆纯色短袖T恤+小腳運動褲套裝,Female Clothes,"[[('棉質', 0.9979737997055054)], [('棉質', 0.9970986247062683)], [('棉質', 0.9966612458229065)], [('套裝', 0.9951807856559753)], [('健身服', 0.9858969449996948)]]"
50,衝評特賣！當天現貨寄出！ 團體服 圓領短袖T恤 短褲 短袖套裝 吸汗打底衫 休閒印花T恤 情侶潮T 大尺碼 T恤 沙灘褲,Male Clothes,"[[('男潮', 0.9968785047531128)], [('男潮', 0.9974170923233032)], [('坎肩', 0.9977824687957764)], [('舒適', 0.9962310194969177)], [('hg', 0.9669831991195679)]]"
51,Superdry 灰色T恤,Male Clothes,"[[('白色', 0.9975249171257019)], [('白色', 0.9988076686859131)], [('棉質', 0.9968168139457703)], [('運動上衣', 0.9912154674530029)], [('愛迪達女', 0.9711626768112183)]]"
52,Quiksilver男版綠色短踢,Male Clothes,"[[('骷髏', 0.9969475269317627)], [('滑板', 0.9972916841506958)], [('當', 0.9953241348266602)], [('貼布繡', 0.9874149560928345)], [('字褲', 0.9555397033691406)]]"
53,余文樂MADNESS 2017CAMOUFLAGE POCKET TEE 黑色虎紋迷彩,Male Clothes,"[[('圓弧', 0.9967489838600159)], [('圓弧', 0.9980793595314026)], [('當', 0.9963640570640564)], [('男式', 0.987429678440094)], [('速乾超', 0.952789306640625)]]"
54,夏季情侶款三色拼接OVERSIZE寬鬆落肩短袖T恤,Male Clothes,"[[('hco', 0.9973206520080566)], [('鯊魚', 0.9981660842895508)], [('條紋t', 0.9974291920661926)], [('hollister', 0.9967359304428101)], [('af短褲', 0.9755208492279053)]]"
55,加大尺碼運動長褲(縮口褲),Male Clothes,"[[('坎肩', 0.9974231719970703)], [('無袖', 0.996661901473999)], [('鬆緊', 0.9971837997436523)], [('汗背心', 0.9914803504943848)]]"
56,🌀T.E.S🌀A&F字母基本款短褲,Male Clothes,"[[('男潮', 0.9960466623306274)], [('男士', 0.9962402582168579)], [('運動上衣', 0.9966198205947876)], [('坎肩', 0.9949368834495544)], [('瘋潮路', 0.9574779272079468)]]"
57,正品🇺🇸Brixton 加州品牌 衝浪滑板T shirt字母款 新品短袖T恤 2017新品 老鷹多款滾邊 潮流,Male Clothes,"[[('翻領', 0.9980166554450989)], [('桖', 0.9979835748672485)], [('純棉', 0.9982882738113403)], [('純棉', 0.9969739317893982)], [('袖加肥', 0.9798029065132141)]]"
58,Champion 系列POLO衫,Male Clothes,"[[('深藍色', 0.9980654716491699)], [('棉', 0.9971024990081787)], [('舒適', 0.9960845112800598)], [('套裝', 0.9904818534851074)], [('喜感', 0.9621123671531677)]]"
59,PHILIPP PLEIN PP棒球外套 男生 16S/S 黑白骷髏字母拼接全皮機車服,Male Clothes,"[[('系列', 0.9962788224220276)], [('系列', 0.9943923950195312)], [('市集', 0.9937542676925659)], [('7i', 0.991838812828064)], [('7i', 0.9690554141998291)], [('閉眼', 0.9831072688102722)], [('iphone6', 0.985884428024292)], [('iphone6s', 0.959744930267334)]]"
60,【現貨】夏季Burberry 巴寶莉 純棉 logo 素T 短T 戰馬 經典 印花 加大尺碼 短袖T恤,Male Clothes,"[[('閨蜜裝', 0.9930146932601929)], [('寬鬆t恤', 0.9936307072639465)], [('閨蜜裝', 0.9925130605697632)], [('短袖衣服', 0.9933911561965942)], [('衣服', 0.9965447187423706)], [('男t', 0.9968482255935669)], [('情侶衣', 0.9839733839035034)]]"
61,修身男纯色個性金领長袖襯衫,Male Clothes,"[[('tommy', 0.9964134693145752)], [('滑板', 0.9973551034927368)], [('當', 0.9953022003173828)], [('男式', 0.9873420000076294)], [('字褲', 0.9563652276992798)]]"
62,Uniqlo SCHWINN BMX 聯名 撞色 短T T-shirt M,Male Clothes,"[[('骷髏', 0.9978071451187134)], [('滑板', 0.9969739317893982)], [('棉', 0.9956679344177246)], [('男生衣著', 0.989477813243866)], [('字褲', 0.9528149962425232)]]"
63,棉麻褲亞麻寬管吊檔褲潮男七分褲寬鬆直筒青年喇叭,Male Clothes,"[[('深藍色', 0.9968994855880737)], [('吸汗', 0.9970519542694092)], [('棉質', 0.9962968826293945)], [('運動上衣', 0.9926318526268005)], [('健身服', 0.9754295349121094)]]"
64,☆東京古著☆日本製 YONEX VERY COOL 短袖POLO衫 排汗衫,Male Clothes,"[[('品牌', 0.9977498650550842)], [('紅色', 0.9972007274627686)], [('湖人隊', 0.9962713122367859)], [('吸濕排汗', 0.9911571741104126)], [('喜感', 0.9734891057014465)]]"
65,海外代購【潮人衣間】BOY歐美街頭潮牌戰神翅膀圖案帶帽拉鏈長袖防曬衣情侶款男女生 休閒情侶裝 嘻哈寬鬆個性潮上衣,Male Clothes,"[[('hco', 0.9974491000175476)], [('hollister', 0.9965724349021912)], [('素面', 0.9956868886947632)], [('t', 0.9846161007881165)], [('leekswiss', 0.9650789499282837)]]"
66,Levis上衣,Male Clothes,"[[('連帽', 0.9970024824142456)], [('白色', 0.9988553524017334)], [('外套、罩衫', 0.9958443641662598)], [('五分袖', 0.9907589554786682)], [('字褲', 0.9719986319541931)]]"
67,17 新品 Armani EA7休閒短褲,Male Clothes,"[[('男潮', 0.9970626831054688)], [('男潮', 0.9974774718284607)], [('坎肩', 0.998875081539154)], [('坎肩', 0.9957234859466553)], [('瘋潮路', 0.9585705399513245)]]"
68,pretty nice t-shirt 滑板踢,Male Clothes,"[[('圓弧', 0.9970017671585083)], [('圓弧', 0.9981064796447754)], [('當', 0.9965081214904785)], [('男式', 0.9905352592468262)], [('字褲', 0.9688555598258972)]]"
69,限量優惠🌴 PRESENT21★ Nike Sportswear 🌠運動休閒拉鍊連帽外套 夾克外套,Male Clothes,"[[('骷髏', 0.9968520402908325)], [('死飛', 0.9961104393005371)], [('外套、罩衫', 0.9950467348098755)], [('男式', 0.9873252511024475)]]"
70,《1680限時爆殺!!》原廠製造套裝喜宴西裝褲業務襯衫上班領帶防曬外套西裝外套正式父親節禮物大衣風衣-261040N,Male Clothes,"[[('長版', 0.9959432482719421)], [('五分袖', 0.9967409372329712)], [('長版', 0.9958095550537109)], [('oversize', 0.9968326091766357)], [('姊妹', 0.9666566848754883)]]"
71,壹分之貮 寬鬆大碼男士短袖t恤夏翻領條紋大碼寬鬆半袖體恤衫,Male Clothes,"[[('oversize', 0.9987902641296387)], [('桖', 0.9991022348403931)], [('桖', 0.9985007047653198)], [('男t恤', 0.9973882436752319)], [('預', 0.982903003692627)]]"
72,【MATTT】實品實拍 機能 重工 非 吉豐 軍裝 夏季 薄款 彈簧扣帶 飄帶 九分 工裝 修身 收腿褲,Male Clothes,"[[('夏天', 0.9970666170120239)], [('舒適', 0.9969673752784729)], [('運動上衣', 0.9956510663032532)], [('套裝', 0.9930961728096008)], [('塑型', 0.9772946834564209)]]"
73,CALVIN KLEIN CK 男生彈性內褲 四角褲 三入 S-XL //Costco賣場代購,Male Clothes,"[[('棉質', 0.9985373020172119)], [('棉質', 0.9979977607727051)], [('棉質', 0.9963483810424805)], [('套裝', 0.9950509667396545)], [('塑型', 0.9815394878387451)]]"
74,現貨死侍衛褲電影周邊復仇者聯盟長褲加絨男生秋冬季青少年運動休閑褲正韓,Male Clothes,"[[('棉質', 0.9979257583618164)], [('棉質', 0.996557354927063)], [('運動上衣', 0.9951274991035461)], [('套裝', 0.9955926537513733)], [('百搭非', 0.9697381854057312)]]"
75,《限時特價!買到賺到》 縮口褲/束口褲多口袋休閒褲棉褲工作褲七分褲運動褲排汗牛仔褲長褲男窄管褲迷彩哈倫褲261055+A,Male Clothes,"[[('內搭', 0.9979408979415894)], [('寬褲', 0.9970753192901611)], [('坎肩', 0.996353268623352)], [('平角', 0.9888928532600403)], [('牛仔背心', 0.9556298851966858)]]"
76,agnes b.蜥蜴SPORT B.白色 純棉 短袖 T恤 簡約 休閑 法國 男裝,Male Clothes,"[[('鯊魚', 0.9974331855773926)], [('素面', 0.996579110622406)], [('男生', 0.9964885115623474)], [('男生', 0.994914174079895)], [('耐克', 0.9809716939926147)]]"
77,【波克貓哈日網】春夏短袖棉T恤◇ 犬夜叉 Inu Yasha ◇《深藍色》日本正式授權商品,Male Clothes,"[[('款大', 0.9957255125045776)], [('滑板', 0.9971957206726074)], [('oversize', 0.9948829412460327)], [('貼布繡', 0.9873489141464233)], [('字褲', 0.9566817283630371)]]"
78,#LEBRON #JAMES #勇士 #2015 #明星賽 #熱轉印 #騎士 #NBA球衣,Male Clothes,"[[('骷髏', 0.9977954030036926)], [('滑板', 0.9969639778137207)], [('棉', 0.9957873225212097)], [('男生衣著', 0.9899791479110718)], [('字褲', 0.952892005443573)]]"
79,Knight Spirit GILDAN直噴棉T 機車系列 偉士牌 VESPA,Male Clothes,"[[('小賈', 0.9977545738220215)], [('涼感衣', 0.997389018535614)], [('givenchy', 0.996149480342865)], [('外套、罩衫', 0.989963710308075)], [('喜感', 0.9680777788162231)]]"
80,☼大文體育☼3種顏色 正品 吊牌 Under Armour UA 短褲 籃球褲 超輕速乾 透氣 籃球褲 運動短褲 抗UV,Male Clothes,"[[('坎肩', 0.9976548552513123)], [('男潮', 0.9975138306617737)], [('坎肩', 0.9968764781951904)], [('汗背心', 0.9927663803100586)], [('黑男款', 0.9648592472076416)]]"
81,☼大文體育☼ 正品 有吊牌 NIKE PRO COMBAT 短袖 緊身衣 T恤 短袖壓縮衣 跑步 健身 運動,Male Clothes,"[[('棉質', 0.9975094795227051)], [('五分袖', 0.9973788261413574)], [('男生', 0.9963293075561523)], [('男生衣著', 0.9942643046379089)], [('經典', 0.9780579209327698)]]"
82,超夯㊗️文字T 潮T 純棉短T 短袖 台灣製 傻眼 嚇死寶寶了（多款）,Male Clothes,"[[('圓弧', 0.9969239234924316)], [('白色', 0.9984209537506104)], [('棉質', 0.9963873028755188)], [('五分袖', 0.9918930530548096)], [('字褲', 0.9779549837112427)]]"
83,Timberland 男款迷彩Logo T,Male Clothes,"[[('棉質', 0.9990042448043823)], [('棉質', 0.9989173412322998)], [('棉質', 0.9959903955459595)], [('五分袖', 0.9941893815994263)], [('純棉背心', 0.9813430309295654)]]"
84,Versace Jeans 凡賽斯 滿版 燙銀黑色圖騰短袖圓領上衣短t恤,Male Clothes,"[[('抓絨', 0.9964529275894165)], [('滑板', 0.9970706701278687)], [('bf風', 0.9948331713676453)], [('貼布繡', 0.9877740144729614)], [('字褲', 0.9546993374824524)]]"
85,❤Sport b. 新款agnes b.黑橙LOGO 純棉短袖T恤 男裝❤,Male Clothes,"[[('衛衣', 0.9966522455215454)], [('鯊魚', 0.9968584775924683)], [('短袖帽t', 0.9959540367126465)], [('男式', 0.9890143871307373)], [('字褲', 0.9621050953865051)]]"
86,男生海灘褲 薄款七分褲 夏季新品 五分褲 短褲 寬鬆修身直筒大尺碼短褲男 舒適純棉膝上短褲男 ing5071供應,Male Clothes,"[[('棉質', 0.9973126649856567)], [('男潮', 0.9961064457893372)], [('運動上衣', 0.9955031275749207)], [('套裝', 0.99223393201828)], [('愛迪達女', 0.9784085154533386)]]"
87,男內褲(COP)藍--丁字褲,Male Clothes,"[[('fog', 0.9974690675735474)], [('骷髏', 0.9976381063461304)], [('givenchy', 0.9966443777084351)], [('男生衣著', 0.9922640323638916)], [('喜感', 0.9588219523429871)]]"
88,顛復古⚡️復古翡翠宮廷雕花古著短袖襯衫♥️男女皆可,Male Clothes,"[[('gucci', 0.9960901737213135)], [('小賈斯汀', 0.994312584400177)], [('亞克力', 0.9914332032203674)], [('a&f', 0.9812048077583313)], [('冷漠', 0.9528467059135437)]]"
89,黑白純色緊身衣 男 運動訓練健身服薄款籃球彈力速干衣短袖T恤夏,Male Clothes,"[[('棉質', 0.9986242055892944)], [('棉質', 0.9969427585601807)], [('五分袖', 0.9953303337097168)], [('套裝', 0.9953117370605469)], [('af短褲', 0.9724822044372559)]]"
90,VANS 雙滑板LOGO T恤 短T 棉T,Male Clothes,"[[('衛衣', 0.9959923624992371)], [('圓弧', 0.9976240396499634)], [('棉質', 0.9968084096908569)], [('男生', 0.9925380945205688)], [('字褲', 0.973563015460968)]]"
91,Thrasher Magazine Flame Logo Tee 灰藍紫火焰 短袖T恤 火焰T衝評特賣 2件免運,Male Clothes,"[[('美版', 0.9961711168289185)], [('滑板', 0.996379017829895)], [('亞克力', 0.9921516180038452)], [('a&f', 0.9848702549934387)], [('冷漠', 0.9580968618392944)]]"
92,【現貨實拍】 潮牌BAPE x CMSS2017新品男裝余文樂虎紋迷彩 軍事風原色 牛仔褲長褲 九分褲 直筒 休閑,Male Clothes,"[[('針織', 0.9971970319747925)], [('沙灘', 0.9967983961105347)], [('鬆緊', 0.9969848394393921)], [('透氣', 0.9916144609451294)]]"
93,爆錢+現貨潮牌Vlone椰樹熒光字體純棉T卹休閒圓領短袖T卹男女款情侶Tee yifeng731,Male Clothes,"[[('棉質', 0.9973058700561523)], [('翻領', 0.9959315061569214)], [('純棉', 0.9951752424240112)], [('七分', 0.9947313070297241)], [('短t', 0.9837503433227539)]]"
94,#現貨*T恤男短袖2017夏新品港風文藝寬松半袖上衣大碼棉麻學生打底衫潮,Male Clothes,"[[('t', 0.9989798069000244)], [('桖', 0.9988176226615906)], [('圓領', 0.997937798500061)], [('戰馬', 0.9978340864181519)], [('衣著', 0.9790287017822266)]]"
95,#現貨*2017夏季男裝中國風印花t恤潮男個性半截袖男士韓版修身圓領短,Male Clothes,"[[('hollister', 0.9963062405586243)], [('翻領', 0.99580979347229)], [('海鷗', 0.9975061416625977)], [('短袖帽t', 0.9949570894241333)], [('短t', 0.9840570688247681)]]"
96,（M-XXL）現貨 FENDI 男士小怪獸黃眼睛拼皮短袖T恤 FY0722 短袖,Male Clothes,"[[('鯊魚', 0.9983245134353638)], [('棉質', 0.9977672100067139)], [('棉質', 0.9968987703323364)], [('運動上衣', 0.9939995408058167)], [('耐吉', 0.9793986082077026)]]"
97,DHL翻完短袖,Male Clothes,"[[('棉質', 0.9972792267799377)], [('棉質', 0.998188853263855)], [('棉質', 0.997056245803833)], [('運動上衣', 0.9953163862228394)], [('健身服', 0.9814419746398926)]]"
98,BURBERRY刺繡戰馬綿质長T(黑標絕版品)(2號),Male Clothes,"[[('棉質', 0.9979110956192017)], [('棉質', 0.9986314177513123)], [('棉質', 0.997029185295105)], [('運動上衣', 0.995195746421814)], [('健身服', 0.9821054935455322)]]"
99,冠希x藤原⚡️Vlone friends$短袖T恤純棉上衣百搭男女,Male Clothes,"[[('鯊魚', 0.9979661107063293)], [('條紋t', 0.9979314208030701)], [('棉質', 0.9973108768463135)], [('運動上衣', 0.9947084188461304)], [('運動套裝', 0.9785090684890747)]]"
100,各型號都可訂製EXID LE 哈妮 note 5 4 3 s5 s6 z2 z1 z5 i6 6s i5 i4 m7 m8 m9 note5 z4 Z5 Z3 小米 紅米 訂製手機殼,Mobile & Gadgets,"[[('zs550kl', 0.9930577278137207)], [('客製化手機殼', 0.9968172311782837)], [('手機殼', 0.9974024295806885)], [('手機殼', 0.9977378845214844)], [('流沙手機殼', 0.9917611479759216)], [('系列手機殼', 0.9905056953430176)], [('河馬', 0.9769635200500488)], [('6s手機殼', 0.9705570936203003)], [('iphone6手機殼', 0.9560810923576355)]]"
101,美少女戰士變身器iphone7/6plus手機殼OPPOR11/r9/R9S閃粉保護套,Mobile & Gadgets,"[[('3', 0.9949939250946045)], [('h410', 0.9928498864173889)], [('xzp', 0.991205096244812)], [('xzp', 0.9902747869491577)], [('背殼', 0.990885853767395)], [('背蓋', 0.9919461011886597)], [('背蓋', 0.9924612045288086)], [('耳機套', 0.9857771992683411)], [('保護線套', 0.9682940244674683)], [('保護線套', 0.9627834558486938)], [('插座', 0.9547763466835022)], [('ui', 0.9629999399185181)]]"
102,{3C大王賣場}鏡子支環支架！可磁吸適用任何平板·手機懶人支架！追劇必備品！！！,Mobile & Gadgets,"[[('android保護殼', 0.9938122034072876)], [('兔', 0.9980433583259583)], [('各', 0.9974804520606995)], [('女孩', 0.9921520948410034)], [('石黑', 0.9837361574172974)], [('victorias', 0.9500805139541626)]]"
103,㊣ 英國 SKINNYDIP iPhone 6 / 6 plus / 7 /7 plus手機殼,Mobile & Gadgets,"[[('ape', 0.9910529851913452)], [('小丑', 0.9945836067199707)], [('團體', 0.9915193915367126)], [('少女心', 0.9681546092033386)], [('77s', 0.955977201461792)]]"
104,全新 Moomin 嚕嚕米 小不點 螢幕擦拭貼,Mobile & Gadgets,"[[('小香', 0.9964710474014282)], [('沖', 0.9964578151702881)], [('ml', 0.9978272914886475)], [('xs', 0.9943484663963318)], [('可配', 0.9744536876678467)]]"
105,張藝興 oppoR11/R11plus/全屏碳纖維軟邊鋼化膜防爆高清彩膜女,Mobile & Gadgets,"[[('r9s手機殼', 0.9972668886184692)], [('r9s手機殼', 0.9962981939315796)], [('r9s手機殼', 0.9944180250167847)], [('of', 0.9956364035606384)], [('日本上網卡', 0.9627430438995361)], [('r5', 0.9502938985824585)]]"
106,iPhone 7 PLUS 128G 霧黑#二手機#保固中# 大里店 62858,Mobile & Gadgets,"[[('系列', 0.9959048628807068)], [('系列', 0.9949408173561096)], [('市集', 0.9955083131790161)], [('7i', 0.9944455623626709)], [('招財貓', 0.9523386359214783)], [('iphone7', 0.9817277193069458)], [('二手iphone6', 0.9610417485237122)]]"
107,中古Iphone6 plus 64G,Mobile & Gadgets,"[[('系列', 0.9959429502487183)], [('系列', 0.995000958442688)], [('系列', 0.9956376552581787)], [('市集', 0.9973500967025757)], [('7i', 0.9890555143356323)], [('7i', 0.9851295948028564)], [('閉眼', 0.9842804670333862)]]"
108,三星 Tab S3 LTE版 高通820 4/32G,Mobile & Gadgets,"[[('索尼', 0.9927968978881836)], [('換機', 0.9946736693382263)], [('名牌', 0.9935673475265503)], [('名牌', 0.985339879989624)], [('z2', 0.9789716005325317)]]"
109,微微一笑很傾城 楊洋 鄭爽 手機殼 適用多款型號 全包軟殼 半包磨砂硬殼 肖奈 貝微微 電視劇 有點甜,Mobile & Gadgets,"[[('聯名', 0.9957113265991211)], [('街頭', 0.9962736964225769)], [('oversize', 0.9954375624656677)], [('素t', 0.9837372303009033)]]"
110,OPPOA57鋼化膜全屏覆蓋 a57手機玻璃膜原裝高清抗藍光防摔前后彩,Mobile & Gadgets,"[[('r9s手機殼', 0.9968336820602417)], [('r9s手機殼', 0.9942705035209656)], [('of', 0.9948022365570068)], [('of', 0.9939610958099365)], [('金粉', 0.9722304344177246)], [('r5', 0.9555711150169373)]]"
111,日本錦鯉魚和風浮世繪iphone6保護套蘋果4S/5S/iphone7plus手機殼,Mobile & Gadgets,"[[('芬迪', 0.9898936748504639)], [('鐳射', 0.9892527461051941)], [('塗鴉', 0.9889472723007202)], [('少女心', 0.9747449159622192)]]"
112,【現貨】hoco 三星 Samsung Galaxy S8 碳纖維 纖影系列 全包邊 防指紋 超薄 軟殼 保護殼 手機殼,Mobile & Gadgets,"[[('各色', 0.990757167339325)], [('美圖', 0.9982418417930603)], [('名牌', 0.995235800743103)], [('女戰士', 0.9908478856086731)], [('z1', 0.9730222225189209)]]"
113,【現貨】I5S 領夾式 藍芽耳機 無線耳機 藍牙耳機 v4.1 藍牙立體聲耳機 藍芽 運動耳機 可連接二隻手機,Mobile & Gadgets,"[[('t8', 0.9949227571487427)], [('智慧型手機', 0.9981474876403809)], [('微笑', 0.9979124069213867)], [('人魚', 0.9911197423934937)], [('倍思', 0.9841516613960266)]]"
114,OPPO A39 A57 F1S 手機殼 軟殼 防指紋 磨砂軟殼 保護殼 保護軟殼 X-Level 衛士系列,Mobile & Gadgets,"[[('pp', 0.9940877556800842)], [('閃粉', 0.9871077537536621)], [('美少女戰士手機殼', 0.9872118234634399)], [('美少女戰士手機殼', 0.9849727153778076)], [('機殼', 0.9874584078788757)], [('手機殼', 0.9847016334533691)], [('iu', 0.9856356382369995)], [('史迪仔', 0.9805681705474854)]]"
115,Lg g4電池 2個 還有保護殼,Mobile & Gadgets,"[[('沖', 0.9977889657020569)], [('燈', 0.9970057010650635)], [('代理', 0.9977133274078369)], [('行李箱', 0.9898507595062256)], [('涼感吸', 0.9574239253997803)]]"
116,中港澳8天上網卡2GB(免翻牆可用FB及Line),Mobile & Gadgets,"[[('dj', 0.9972410202026367)], [('純', 0.9959883093833923)], [('穿', 0.9964505434036255)], [('男生衣著', 0.990885853767395)]]"
117,OPPO R11 龍貓 無臉男 氣墊 空壓 防摔 手機殼 保護套,Mobile & Gadgets,"[[('r9s手機殼', 0.9962462186813354)], [('r9s手機殼', 0.9944387674331665)], [('of', 0.9936665296554565)], [('of', 0.9959661364555359)], [('黛西', 0.988298773765564)], [('用筆', 0.9719598293304443)]]"
118,二手良機 iphone6 16G 金色 空機,Mobile & Gadgets,"[[('系列', 0.9945818781852722)], [('系列', 0.9960733652114868)], [('系列', 0.9942657947540283)], [('盾', 0.9953826665878296)], [('大氣', 0.9926219582557678)], [('酒', 0.9711657762527466)], [('可議', 0.9836695790290833)]]"
119,SONY XPERIA XZ,Mobile & Gadgets,"[[('android保護殼', 0.9967445731163025)], [('hdmi', 0.9970541596412659)], [('隨身', 0.9985461235046387)], [('生日禮物', 0.9972048997879028)], [('kstar', 0.9917930364608765)], [('布褲', 0.9580739736557007)]]"
120,四角氣囊空壓殼 OPPO A39(A57)/A59(F1S)手機套 手機殼 保護殼防撞,Mobile & Gadgets,"[[('r9s手機殼', 0.989561915397644)], [('閃粉', 0.9885646104812622)], [('美少女戰士手機殼', 0.987205982208252)], [('機殼', 0.9901191592216492)], [('手機殼', 0.9901844263076782)], [('手機殼', 0.9896506071090698)], [('iu', 0.9879158139228821)], [('插畫', 0.9840381145477295)]]"
121,三星s7 edge 32g 銀色,Mobile & Gadgets,"[[('平板手機', 0.9923637509346008)], [('換機', 0.9950180053710938)], [('各大', 0.9951608180999756)], [('美人魚', 0.9943315982818604)], [('訂做', 0.9863781929016113)], [('z4', 0.9567760229110718)]]"
122,液體流沙美少女戰士oppo r9s plus女款手機殼r9 plus卡通外殼軟邊,Mobile & Gadgets,"[[('r9s手機殼', 0.9956808686256409)], [('插畫', 0.9887267351150513)], [('插畫', 0.989533543586731)], [('插畫', 0.9871747493743896)], [('美少女戰士手機殼', 0.986321747303009)], [('卡娜赫拉手機殼', 0.9534941911697388)], [('各種', 0.9560363292694092)]]"
123,Iphone6s 128g 近全新完美無傷,Mobile & Gadgets,"[[('系列', 0.9957320690155029)], [('系列', 0.995207667350769)], [('one', 0.9936355352401733)], [('市集', 0.9976922273635864)], [('市集', 0.994573712348938)], [('7i', 0.9923032522201538)], [('閉眼', 0.9880797863006592)], [('iphone6s', 0.9774348139762878)], [('iphone6s', 0.9533671140670776)]]"
124,🌿晨晨媽揪團購🌿(蠟筆小新 熊大兔兔 米奇 米妮 史迪奇)玻璃貼 iPhone7 I6s I6splus 鋼化膜,Mobile & Gadgets,"[[('各色', 0.9895192980766296)], [('液體', 0.9958910346031189)], [('愛心', 0.9904406070709229)], [('現正', 0.9752804040908813)]]"
125,iPhone7 128G 九成新 美版 蘋果手機 iPhone 7手機,Mobile & Gadgets,"[[('系列', 0.9958003759384155)], [('艾莉兒', 0.9961012005805969)], [('系列', 0.9963501691818237)], [('艾莉兒', 0.9964067339897156)], [('美少女', 0.9907292723655701)], [('7i', 0.9696743488311768)], [('閉眼', 0.9772096872329712)]]"
126,日韓清新櫻桃 oppor11水果手機殼oppor9s plus磨砂手感硬殼半包,Mobile & Gadgets,"[[('pp', 0.9944665431976318)], [('r9s手機殼', 0.9901256561279297)], [('美少女戰士手機殼', 0.986862063407898)], [('美少女戰士手機殼', 0.9850698113441467)], [('機殼', 0.9845165014266968)], [('插畫', 0.9833468198776245)], [('美少女戰士手機殼', 0.9858800172805786)], [('美少女戰士手機殼', 0.9887507557868958)], [('矽膠手機殼', 0.9859946370124817)], [('日本上網卡', 0.9781193733215332)]]"
127,最殺!熱賣破萬!超夯最新手機 吸盤搖桿 藍牙安卓IOS手機遊戲手柄 支架 手機 散熱器 傳說對決,Mobile & Gadgets,"[[('辛普森', 0.9933747053146362)], [('小丑', 0.9958354830741882)], [('團體', 0.9919080138206482)], [('少女心', 0.9863337278366089)], [('77s', 0.9701224565505981)]]"
128,OPPO R11,Mobile & Gadgets,"[[('r9s手機殼', 0.9965171813964844)], [('of', 0.9942254424095154)], [('r7p', 0.9924973249435425)], [('hozheroorzer', 0.9793638586997986)], [('b55', 0.982187032699585)], [('r5', 0.9797971248626709)]]"
129,熱賣iphone7蘋果6s手機殼6plus矽膠全包軟殼5se防摔浮雕灌籃高手殼子,Mobile & Gadgets,"[[('林', 0.9908275604248047)], [('小丑', 0.9920471906661987)], [('團體', 0.9859306812286377)], [('少女心', 0.9772928357124329)]]"
130,面交價19800 全新美圖m8 美少女戰士 限量版手機,Mobile & Gadgets,"[[('t8', 0.9961744546890259)], [('android保護殼', 0.9967297315597534)], [('喬巴', 0.9973071813583374)], [('買二送', 0.9914340972900391)], [('6t3t4', 0.9852999448776245)], [('pk', 0.9553318619728088)]]"
131,Oppo a57,Mobile & Gadgets,"[[('r9s手機殼', 0.9966843128204346)], [('r9s手機殼', 0.9939189553260803)], [('of', 0.9930410385131836)], [('r7p', 0.9860118627548218)], [('6g', 0.9861951470375061)]]"
132,小香风 香水瓶手机手機殼 iPhone 6 6P 7 7P OPPO R9S VIVO X7 X9 全包軟殼 送掛繩,Mobile & Gadgets,"[[('pp', 0.9934266209602356)], [('閃粉', 0.9876430034637451)], [('美少女戰士手機殼', 0.9888070821762085)], [('機殼', 0.987196683883667)], [('機殼', 0.9894565343856812)], [('手機殼', 0.9855682253837585)], [('iu', 0.9866198301315308)], [('史迪仔', 0.9906488656997681)], [('大臉', 0.9903620481491089)]]"
133,oppor9s王者榮耀手機殼卡通vivox9硅膠保護套6s蘋果7plus軟殼訂制,Mobile & Gadgets,"[[('r9s手機殼', 0.9924502372741699)], [('閃粉', 0.9877854585647583)], [('美少女戰士手機殼', 0.9856647253036499)], [('機殼', 0.9848313331604004)], [('手機殼', 0.9871007204055786)], [('手機殼', 0.9853731393814087)], [('iu', 0.9885457754135132)], [('iu', 0.9840720891952515)]]"
134,現貨iPhone7鋼化膜6蘋果plus全屏全覆蓋抗藍光3D曲面玻璃手機貼膜6s系列手機殼,Mobile & Gadgets,"[[('艾莉兒', 0.9945985078811646)], [('6手機殼', 0.9956321716308594)], [('艾莉兒', 0.9941726922988892)], [('迪士尼', 0.9947876930236816)], [('史迪仔', 0.9745475053787231)], [('iu', 0.977595865726471)]]"
135,可愛鸚鵡兄弟手機殼 i6/i6s/i6p/i6sp/i7/i7p 全包軟殼,Mobile & Gadgets,"[[('世界', 0.9964207410812378)], [('ins', 0.9926184415817261)], [('團體', 0.9908495545387268)], [('少女心', 0.9841132164001465)], [('關愛', 0.9764057993888855)]]"
136,Skinnydip London iPhone5 獨角獸流沙手機殼,Mobile & Gadgets,"[[('林', 0.9902361631393433)], [('小丑', 0.9895274639129639)], [('團體', 0.9860353469848633)], [('少女心', 0.9756479859352112)]]"
137,Apple iPhone 6 32g 空機 保固中 4月機,Mobile & Gadgets,"[[('系列', 0.9957640767097473)], [('系列', 0.9955428838729858)], [('系列', 0.9945489168167114)], [('市集', 0.9981063008308411)], [('7i', 0.9942021369934082)], [('7i', 0.9896084666252136)], [('閉眼', 0.9870907068252563)], [('可議', 0.9605900049209595)]]"
138,P1004【曉天3C】OPPO R11清爽彩繪全屏滿版鋼化玻璃貼(送同款彩繪背膜貼膜)另有同款手機殼/手機套,Mobile & Gadgets,"[[('oppo', 0.9940469264984131)], [('r9s手機殼', 0.9949710369110107)], [('r9s手機殼', 0.9929616451263428)], [('a57手機殼', 0.9907526969909668)], [('閃粉', 0.9910727739334106)], [('閃粉', 0.9907656908035278)], [('矽膠手機殼', 0.9763811230659485)], [('v4', 0.9678000807762146)], [('鏡面', 0.9604617953300476)], [('鏡面', 0.9684892296791077)], [('plus手機殼', 0.9805539846420288)]]"
139,現貨牛奶糖可愛粉色卡通iPhone6手機殼全包軟殼蘋果7 Plus保護套情侶系列手機殼,Mobile & Gadgets,"[[('系列', 0.9951419830322266)], [('艾莉兒', 0.9950684309005737)], [('市集', 0.9945204257965088)], [('7i', 0.994551956653595)], [('iu', 0.9646130800247192)], [('7i', 0.9752011299133301)], [('one', 0.9678508043289185)]]"
140,現貨星星掛墜軟殼 蘋果6手機殼iPhone7/6s/plus創意個性奢華韓國女款系列手機殼,Mobile & Gadgets,"[[('6手機殼', 0.9931667447090149)], [('手機殼', 0.9957258105278015)], [('手機殼', 0.9960151314735413)], [('手機殼', 0.9964771270751953)], [('iu', 0.9868587255477905)], [('手機殼', 0.9760528802871704)]]"
141,OPPO A77 近全新,Mobile & Gadgets,"[[('索尼', 0.9940455555915833)], [('換機', 0.9944896697998047)], [('56', 0.9933232665061951)], [('z', 0.9872245788574219)], [('平板手機', 0.9761057496070862)]]"
142,紅米 note4x note4 小米6 max2 note2 5S PLUS 韓國 RYAN 手機殼 按鍵全包 透明側邊,Mobile & Gadgets,"[[('客製化手機殼', 0.990106999874115)], [('客製化手機殼', 0.9965198040008545)], [('手機殼', 0.9971685409545898)], [('手機殼', 0.9970793724060059)], [('星辰', 0.9859477877616882)], [('冰淇淋', 0.971366822719574)], [('冰淇淋', 0.9683314561843872)]]"
143,(專屬You.. 買家下標）Magipea美極品自拍棒（全新轉賣 朋友送）粉晶款,Mobile & Gadgets,"[[('沖', 0.997840166091919)], [('八十', 0.9973400831222534)], [('求凰', 0.9966880679130554)], [('行李箱', 0.9896645545959473)], [('gicgirl', 0.9593756198883057)]]"
144,仙人掌 小清新 OPPO R11 R9S IPHONE6 7 手機殼 笑臉 r9 plus 磨砂 保護套 創意 女款,Mobile & Gadgets,"[[('oppo', 0.993527889251709)], [('r9s手機殼', 0.9922665357589722)], [('閃粉', 0.9887419939041138)], [('閃粉', 0.9876211881637573)], [('美少女戰士手機殼', 0.985053300857544)], [('美少女戰士手機殼', 0.9853502511978149)], [('手機殼', 0.9861046671867371)], [('r11手機殼', 0.9825674891471863)], [('潮衣舍', 0.9810348153114319)]]"
145,仙人掌 小清新 OPPO R11 R9S IPHONE6 7 手機殼 笑臉 r9 plus 磨砂 保護套 創意 女款,Mobile & Gadgets,"[[('oppo', 0.993527889251709)], [('r9s手機殼', 0.9922665357589722)], [('閃粉', 0.9887419939041138)], [('閃粉', 0.9876211881637573)], [('美少女戰士手機殼', 0.985053300857544)], [('美少女戰士手機殼', 0.9853502511978149)], [('手機殼', 0.9861046671867371)], [('r11手機殼', 0.9825674891471863)], [('潮衣舍', 0.9810348153114319)]]"
146,手機9.8成新 Samsung 紫色 S8 64G 二年保固可換s8+,Mobile & Gadgets,"[[('t8', 0.9903092384338379)], [('t8', 0.9950280785560608)], [('android保護殼', 0.9957096576690674)], [('微笑', 0.9931821823120117)], [('可爱', 0.9561394453048706)], [('魔聲', 0.9727135896682739)]]"
147,Nokia N1 7.9吋平板 看漫畫神器 2k高畫質 2048*1536,Mobile & Gadgets,"[[('智慧型手機', 0.9968956708908081)], [('racast', 0.997038722038269)], [('用', 0.9980064034461975)], [('超大', 0.997295618057251)], [('浪', 0.9898650050163269)]]"
148,現貨蘋果7plus鋼化膜i7全屏覆蓋 Iphone7手機高清膜7代3D曲面玻璃7P膜系列手機殼,Mobile & Gadgets,"[[('艾莉兒', 0.994936466217041)], [('6手機殼', 0.9960553646087646)], [('6手機殼', 0.9930898547172546)], [('艾莉兒', 0.9952423572540283)], [('iu', 0.9829360246658325)], [('iu', 0.9745648503303528)]]"
149,閃粉 笑臉 雲朵 OPPO R11plus IPHONE6 7 手機殼 R9 R9S 創意 透明 軟殻 防摔 女款,Mobile & Gadgets,"[[('r9s手機殼', 0.990739107131958)], [('美少女戰士手機殼', 0.9879063963890076)], [('手機殼', 0.9882187843322754)], [('手機殼', 0.9916231036186218)], [('手機殼', 0.9898234009742737)], [('iu', 0.9879551529884338)], [('插畫', 0.9894804954528809)]]"
150,紅米NOTE4手機殼 紅米NOTE4X全包保護殼360度全包手機殼 全包覆滿版手機殼防摔全機包,Mobile & Gadgets,"[[('索尼', 0.9932114481925964)], [('水鑽', 0.9930781126022339)], [('t8', 0.9955658316612244)], [('各色', 0.9951759576797485)], [('各色', 0.9820318222045898)], [('魅藍', 0.9633998870849609)]]"
151,ipad pro10.5保護套蘋果平板電腦A1701皮套ipad9.7全包防摔殼,Mobile & Gadgets,"[[('xz', 0.9929956197738647)], [('xzp', 0.9927589893341064)], [('premium', 0.9869086742401123)], [('premium', 0.9886940121650696)], [('usb', 0.9862103462219238)], [('盒', 0.9527027606964111)]]"
152,現貨韓國鉚釘流蘇潮牌女神 iphone7手機殼蘋果7/plus硅膠套防摔全包七系列手機殼,Mobile & Gadgets,"[[('艾莉兒', 0.9960411190986633)], [('系列手機殼', 0.9959307909011841)], [('系列手機殼', 0.9949520230293274)], [('系列手機殼', 0.9891919493675232)], [('各種', 0.9800707101821899)], [('iu', 0.9769933223724365)], [('系列手機殼', 0.9769605398178101)]]"
153,335號倉庫 大號Ｌ架 多檔可調支架 折疊手機架 折疊懶人支架 迷你手機座 迷你支架 L型手機架 通用手機架,Mobile & Gadgets,"[[('同款', 0.9971743822097778)], [('死飛', 0.9931889772415161)], [('親子裝', 0.991535484790802)], [('橫條', 0.9851617217063904)], [('77s', 0.9736590385437012)]]"
154,SCOSCHE MAGIC MOUNT DASH-GPS 吸盤式磁鐵手機架 平板架 車架 360度車座,Mobile & Gadgets,"[[('小香', 0.9978433847427368)], [('otg', 0.9971228837966919)], [('代步車', 0.9977663159370422)], [('綠', 0.9961905479431152)], [('可配', 0.9844084978103638)]]"
155,現貨iphone7手機殼蹦迪吧全包硅膠軟殼潮蘋果7plus手機套殼系列手機殼,Mobile & Gadgets,"[[('系列', 0.9952031373977661)], [('6手機殼', 0.9951424598693848)], [('艾莉兒', 0.993636965751648)], [('艾莉兒', 0.9953044056892395)], [('iu', 0.9897330403327942)], [('減壓', 0.9854518175125122)], [('艾莉兒', 0.969896674156189)], [('i7手機殼', 0.9580618143081665)]]"
156,SAMSUNG Galaxy S8 紫色 64G/4G (SM-G950FD)配件全新 含玻璃曲面保貼+手機套,Mobile & Gadgets,"[[('索尼', 0.9943448305130005)], [('xzp', 0.992729663848877)], [('xzp', 0.9953409433364868)], [('水鑽', 0.9885619878768921)], [('索尼', 0.9731919765472412)], [('z5', 0.9515104293823242)]]"
157,Sony Xperia XZ 澗水藍 64g 全新空機 雙卡雙待,Mobile & Gadgets,"[[('平板手機', 0.9936947226524353)], [('zenpad', 0.9960328340530396)], [('zenpad', 0.9975994229316711)], [('吸盤搖桿', 0.9959935545921326)], [('二手機', 0.9914745092391968)], [('推推', 0.9745136499404907)]]"
158,APPLE IPHONE 7 PLUS 4.7吋 5.5吋 全新未拆封 公司貨32g 128g 256g 另有其他五色,Mobile & Gadgets,"[[('系列', 0.9942179918289185)], [('艾莉兒', 0.9964367747306824)], [('系列', 0.9947916269302368)], [('市集', 0.9942253232002258)], [('london', 0.9965487718582153)], [('7i', 0.9886810779571533)], [('徽章', 0.9841829538345337)], [('可議', 0.9725084900856018)]]"
159,宏達電HTC Butterfly S 16g 寶石紅 全新空機,Mobile & Gadgets,"[[('索尼', 0.9935523271560669)], [('換機', 0.996580958366394)], [('手機轉電視', 0.9945191740989685)], [('z', 0.991048276424408)], [('z1', 0.983184278011322)]]"
160,iphone5 32G 九成新 全配/i5 32g/iphone 5整新機/手機/二手手機/空機,Mobile & Gadgets,"[[('t8', 0.9960901141166687)], [('android保護殼', 0.9966647028923035)], [('兔', 0.9983605146408081)], [('編號', 0.9936130046844482)], [('變身', 0.984980583190918)], [('pk', 0.9605422019958496)]]"
161,《Annabon》旋轉木馬搖搖馬小馬鏡頭水鑽 三星samsung note7 note5 note4 note3 note2貼鑽手機殼 保護殼套 透明bingbing,Mobile & Gadgets,"[[('客製化手機殼', 0.9937846660614014)], [('客製化手機殼', 0.9980700612068176)], [('手機殼', 0.9960817098617554)], [('手機殼', 0.9969370365142822)], [('減壓', 0.9879946112632751)], [('美少女戰士手機殼', 0.9901441335678101)], [('招財貓', 0.9858881831169128)], [('s3', 0.9766057729721069)], [('530', 0.9720326066017151)]]"
162,Jabra藍芽耳機,Mobile & Gadgets,"[[('土星', 0.9972121715545654)], [('mlb', 0.9966060519218445)], [('綠', 0.9973815083503723)], [('看抗', 0.9910438060760498)], [('gicgirl', 0.9618752002716064)]]"
163,誠可議! HTC ONE E9 dual sim,Mobile & Gadgets,"[[('索尼', 0.9935832023620605)], [('換機', 0.9955386519432068)], [('android保護殼', 0.995451807975769)], [('z', 0.9928961992263794)], [('多種', 0.9855219125747681)]]"
164,iPhone 6s 16g 銀色 9成新 九成新 4.7吋 功能正常,Mobile & Gadgets,"[[('系列', 0.9958407878875732)], [('系列', 0.9954820871353149)], [('系列', 0.9954401254653931)], [('市集', 0.997833251953125)], [('7i', 0.9925047755241394)], [('7i', 0.9866545796394348)], [('閉眼', 0.9857986569404602)], [('可議', 0.9541764855384827)]]"
165,紅米note4x 小米Max2 手機保護套 殼 掀蓋式 翻蓋式。玫瑰金各1個,Mobile & Gadgets,"[[('平板手機', 0.9949432611465454)], [('xzp', 0.9947916269302368)], [('xzp', 0.9907978773117065)], [('mi', 0.9923112392425537)], [('迷你', 0.9915357232093811)], [('黑色素', 0.9860413670539856)], [('仔服', 0.9585683345794678)]]"
166,HTC A9 32G 2017保固中,Mobile & Gadgets,"[[('hellokitty', 0.992761492729187)], [('換機', 0.9970923066139221)], [('各大', 0.995197057723999)], [('z', 0.9931436777114868)], [('多種', 0.9860634803771973)], [('z4', 0.9522760510444641)]]"
167,hTC U11 (64G) 5.5吋 9.8成新 新竹實體店面面交,Mobile & Gadgets,"[[('索尼', 0.9923787713050842)], [('g2', 0.994284987449646)], [('62', 0.9785376787185669)], [('m8手機殼', 0.9793096780776978)]]"
168,HTC Desire 626 Dual 藍色 2G/16G 雙卡 支援4G LTE 5吋 1300萬相機(2),Mobile & Gadgets,"[[('android保護殼', 0.9973301887512207)], [('q哥', 0.9965528249740601)], [('q', 0.9977640509605408)], [('運費', 0.996816873550415)], [('ie80', 0.9900367856025696)]]"
169,台灣總代理原廠現貨 聲美耳機 SoundMagic ES18 IPHONE HTC BEATS 百元 運動 耳機,Mobile & Gadgets,"[[('t8', 0.9909844398498535)], [('56', 0.9943440556526184)], [('zenpad', 0.9962846040725708)], [('ze553kl', 0.9967278242111206)], [('可口可樂', 0.9890978336334229)], [('apple空機', 0.9884182214736938)]]"
170,oppor9s手機殼防摔保護套R9Splus金屬oppor11女款創意潮男,Mobile & Gadgets,"[[('r9s手機殼', 0.996404230594635)], [('r9s手機殼', 0.9970936179161072)], [('r9s手機殼', 0.99668288230896)], [('r9s手機殼', 0.9944285154342651)], [('of', 0.9894012212753296)]]"
171,三星Samsung Note4 32GB,Mobile & Gadgets,"[[('平板手機', 0.9925134181976318)], [('換機', 0.995040237903595)], [('各大', 0.9946310520172119)], [('z', 0.9931680560112)], [('訂做', 0.9839180707931519)], [('z4', 0.9568407535552979)]]"
172,現貨♦APPLE手機ipone4 4s 3gs ipad2 ipod 耳機孔防塵塞數據孔防塵塞 3.5mm耳機孔防塵塞,Mobile & Gadgets,"[[('辛普森', 0.9954715967178345)], [('小丑', 0.9969074726104736)], [('少量', 0.9940066337585449)], [('亞克力', 0.9905627965927124)], [('可配', 0.9676213264465332)]]"
173,橙本*鋼化玻璃貼 A5 A7 A8 A9 J5 J7 E5 E7 玻璃貼 保護貼 J3 2016 2017 A5 A7,Mobile & Gadgets,"[[('索尼', 0.9928473234176636)], [('各大', 0.9939708113670349)], [('水鑽', 0.9938043355941772)], [('名牌', 0.987175703048706)], [('z2', 0.9748204350471497)]]"
174,雙面超萌卡通i線套 蘋果專用數據線保護套 i5/i6/i6s 防斷裂 充電線保護套,Mobile & Gadgets,"[[('安卓', 0.9922879934310913)], [('寸', 0.9924424886703491)], [('寸', 0.9927353858947754)], [('t8', 0.9939758777618408)], [('t8', 0.9908220171928406)], [('平板', 0.9956408739089966)], [('手機支架', 0.9631799459457397)]]"
175,現貨🔺免運免運►I7/I6高質感行動電源手機殼 iphone 背蓋背夾背充無線充電i7+/I5/SE/I6+,Mobile & Gadgets,"[[('艾莉兒', 0.9943249821662903)], [('艾莉兒', 0.9955674409866333)], [('t8', 0.9955544471740723)], [('揉捏', 0.9963313341140747)], [('名字', 0.9854687452316284)], [('m5', 0.9695560932159424)]]"
176,~小小牛瑪奇朵~日本東京迪士尼春季巡航達菲Duffy經典復古相機Iphone5 5S 手機殼附耳機防塵塞,Mobile & Gadgets,"[[('艾莉兒', 0.9917837381362915)], [('手機', 0.9957600831985474)], [('手機殼', 0.9965486526489258)], [('手機殼', 0.9963462948799133)], [('6手機殼', 0.9892318844795227)], [('香水瓶', 0.990975022315979)], [('藝術', 0.9864402413368225)], [('城朱迪', 0.9569227695465088)]]"
177,【東京數位】 全新 C套餐 手機專用 自拍桿 自拍架 手機架 /自拍桿+手機夾,Mobile & Gadgets,"[[('anti', 0.9963033199310303)], [('公牛', 0.9976202249526978)], [('父親節', 0.9979733228683472)], [('xs', 0.9947459101676941)], [('可配', 0.972135603427887)]]"
178,*SILIA*質感 各色大理石紋 手機殼 三星S3 S4 S5 S6 S7 EDGE NOTE2 NOTE3 NOTE4 NOTE5 NOTE6 A8 A7 A5 A3 E7 J3 J5 J7 2016版 LG G3 G4 G5 OPPO R5 R7 R9 PLUS F1 N3 華為 P9 PLUS MATE8 大理石 手機殼 紙紋 木頭紋 木紋 水泥 水晶,Mobile & Gadgets,"[[('iu', 0.9904837608337402)], [('手機殼', 0.9948983192443848)], [('手機殼', 0.9979262351989746)], [('手機殼', 0.9969756603240967)], [('艾莉兒', 0.9905663132667542)], [('iphone7手機', 0.9726210832595825)], [('i7手機殼', 0.9796207547187805)], [('工坊', 0.9672244787216187)], [('工坊', 0.9671010375022888)], [('iphone7耳機', 0.9749377965927124)], [('iphone7耳機', 0.9716483950614929)]]"
179,5SE/6Splus現貨❤湯姆貓與傑利鼠 TPU超薄 手機殼 iphone5/5S/SE/6/6S [D1607019],Mobile & Gadgets,"[[('艾莉兒', 0.9949719905853271)], [('艾莉兒', 0.9967919588088989)], [('市集', 0.9953694343566895)], [('液體', 0.9921141266822815)], [('可議', 0.953700065612793)]]"
180,【現貨】安卓 Type C 三星 Asus HTC SONY 手環傳輸線 充電線,Mobile & Gadgets,"[[('56', 0.9923810362815857)], [('zenpad', 0.9939174652099609)], [('zenpad', 0.9977666735649109)], [('遊戲', 0.994865357875824)], [('人魚', 0.9919008016586304)], [('c4c', 0.9790876507759094)]]"
181,OEO AIRbeats BTS-01 防水防塵藍牙攜帶重低音藍芽喇叭 iphone6s plus i6+ i6s 紅米 小米Note ZenFone2 M320 Z3+ Z5 C4 C5 816,Mobile & Gadgets,"[[('木質', 0.9900916814804077)], [('56', 0.9911123514175415)], [('onpro', 0.9923877716064453)], [('20', 0.9946969747543335)], [('babo', 0.9872078895568848)], [('lady', 0.9782474637031555)], [('花圈', 0.9594566822052002)]]"
182,[Apple iPhone 6 6S 4.7吋 / Plus 5.5吋] 超薄防刮透明 手機殼 TPU軟殼 矽膠材質,Mobile & Gadgets,"[[('客製化手機殼', 0.9962125420570374)], [('客製化手機殼', 0.9966803789138794)], [('手機殼', 0.9975491762161255)], [('手機殼', 0.9967674016952515)], [('新年', 0.9826661348342896)], [('系列', 0.9972258806228638)], [('one', 0.9825383424758911)], [('m394', 0.9513776302337646)]]"
183,C NOTE4電池 三星 note4 電池 N910U N910 手機電池 內建電池 NOTE4 內置電池 有現貨,Mobile & Gadgets,"[[('智慧型手機', 0.9977295398712158)], [('q', 0.9962449073791504)], [('q', 0.9972644448280334)], [('運費', 0.9974096417427063)], [('本命年', 0.991217851638794)]]"
184,iphone6/6s 日本原裝 迪士尼 屁屁造型 充電器 插頭 各式手機可用 米奇 妙妙貓 唐老鴨 米妮,Mobile & Gadgets,"[[('android保護殼', 0.9951261281967163)], [('兔', 0.9978833794593811)], [('動員', 0.9974308013916016)], [('西瓜', 0.9943373203277588)], [('cret', 0.9883724451065063)]]"
185,現貨供應【U.case】iPhone7 i6 Plus 超薄邊框保護套 矽膠 透明 防摔 手機殼 超薄邊框+防刮背板,Mobile & Gadgets,"[[('各色', 0.9929680824279785)], [('客製化手機殼', 0.9965661764144897)], [('手機殼', 0.9957621097564697)], [('手機殼', 0.9965001940727234)], [('手機殼', 0.9964525103569031)], [('iu', 0.9881600141525269)], [('大臉', 0.981858491897583)], [('河馬', 0.9709038734436035)], [('河馬', 0.9636780023574829)]]"
186,現貨【超療癒立體手機殼】iPhone7 i6 Plus 紓壓 療癒 軟海獅 海豹 北極熊 立體手機殼 軟殼 超可愛小白熊,Mobile & Gadgets,"[[('6手機殼', 0.9905849695205688)], [('手機', 0.9957973957061768)], [('手機殼', 0.9967660903930664)], [('手機殼', 0.9959781169891357)], [('6手機殼', 0.9921175837516785)], [('系列', 0.9969332218170166)], [('4755', 0.9606742858886719)]]"
187,〈予定販売〉1132 - Ed Hardy「 Iphone7 6 6s 5 5s 4 4s se 手機殼」,Mobile & Gadgets,"[[('android保護殼', 0.9961957335472107)], [('q哥', 0.9974492788314819)], [('智慧型', 0.9980959892272949)], [('玩水', 0.9965677261352539)], [('本命年', 0.9931303858757019)]]"
188,現貨【愛麗絲空壓防摔殼】iPhone7 / i6 Plus 防摔殼 空壓殼 氣墊殼 愛麗絲仙境 手機套 手機殼 卡通,Mobile & Gadgets,"[[('各色', 0.9926102161407471)], [('客製化手機殼', 0.9945923686027527)], [('手機', 0.994784951210022)], [('手機殼', 0.99593186378479)], [('手機殼', 0.9955277442932129)], [('iu', 0.9936854839324951)], [('減壓', 0.9857224822044373)], [('河馬', 0.96916264295578)], [('iphone6手機殼', 0.9786381721496582)], [('米奇手機殼', 0.9548813104629517)]]"
189,【1號店通訊】冰爽 USB 2.0 TF T-Flash Micro SD 記憶卡 讀卡機 讀卡器 迷你讀卡機,Mobile & Gadgets,"[[('藍色', 0.9983389973640442)], [('網眼', 0.9972436428070068)], [('穿', 0.9971158504486084)], [('男生衣著', 0.9845090508460999)]]"
190,MARVEL 鋼鐵人 美國隊長 神盾局 手機殼 iPhone 7 Plus 6 6S 5s 4S 三星 A8 A7 A5 J7 J5 E7 S4 S5 S6 S7 Edge Note 7 5 4 3,Mobile & Gadgets,"[[('t8', 0.991721510887146)], [('客製化手機殼', 0.9964555501937866)], [('手機殼', 0.995384693145752)], [('手機殼', 0.9961947202682495)], [('手機殼', 0.9958354234695435)], [('各種', 0.9900877475738525)], [('城朱迪', 0.972812294960022)], [('蘋果手機殼', 0.9825599193572998)], [('蘋果手機殼', 0.9796498417854309)]]"
191,【現貨】安卓 Type C 三星 Asus HTC SONY 手環傳輸線 充電線,Mobile & Gadgets,"[[('56', 0.9923810362815857)], [('zenpad', 0.9939174652099609)], [('zenpad', 0.9977666735649109)], [('遊戲', 0.994865357875824)], [('人魚', 0.9919008016586304)], [('c4c', 0.9790876507759094)]]"
192,OEO AIRbeats BTS-01 防水防塵藍牙攜帶重低音藍芽喇叭 iphone6s plus i6+ i6s 紅米 小米Note ZenFone2 M320 Z3+ Z5 C4 C5 816,Mobile & Gadgets,"[[('木質', 0.9900916814804077)], [('56', 0.9911123514175415)], [('onpro', 0.9923877716064453)], [('20', 0.9946969747543335)], [('babo', 0.9872078895568848)], [('lady', 0.9782474637031555)], [('花圈', 0.9594566822052002)]]"
193,[Apple iPhone 6 6S 4.7吋 / Plus 5.5吋] 超薄防刮透明 手機殼 TPU軟殼 矽膠材質,Mobile & Gadgets,"[[('客製化手機殼', 0.9962125420570374)], [('客製化手機殼', 0.9966803789138794)], [('手機殼', 0.9975491762161255)], [('手機殼', 0.9967674016952515)], [('新年', 0.9826661348342896)], [('系列', 0.9972258806228638)], [('one', 0.9825383424758911)], [('m394', 0.9513776302337646)]]"
194,C NOTE4電池 三星 note4 電池 N910U N910 手機電池 內建電池 NOTE4 內置電池 有現貨,Mobile & Gadgets,"[[('智慧型手機', 0.9977295398712158)], [('q', 0.9962449073791504)], [('q', 0.9972644448280334)], [('運費', 0.9974096417427063)], [('本命年', 0.991217851638794)]]"
195,iphone6/6s 日本原裝 迪士尼 屁屁造型 充電器 插頭 各式手機可用 米奇 妙妙貓 唐老鴨 米妮,Mobile & Gadgets,"[[('android保護殼', 0.9951261281967163)], [('兔', 0.9978833794593811)], [('動員', 0.9974308013916016)], [('西瓜', 0.9943373203277588)], [('cret', 0.9883724451065063)]]"
196,現貨供應【U.case】iPhone7 i6 Plus 超薄邊框保護套 矽膠 透明 防摔 手機殼 超薄邊框+防刮背板,Mobile & Gadgets,"[[('各色', 0.9929680824279785)], [('客製化手機殼', 0.9965661764144897)], [('手機殼', 0.9957621097564697)], [('手機殼', 0.9965001940727234)], [('手機殼', 0.9964525103569031)], [('iu', 0.9881600141525269)], [('大臉', 0.981858491897583)], [('河馬', 0.9709038734436035)], [('河馬', 0.9636780023574829)]]"
197,現貨【超療癒立體手機殼】iPhone7 i6 Plus 紓壓 療癒 軟海獅 海豹 北極熊 立體手機殼 軟殼 超可愛小白熊,Mobile & Gadgets,"[[('6手機殼', 0.9905849695205688)], [('手機', 0.9957973957061768)], [('手機殼', 0.9967660903930664)], [('手機殼', 0.9959781169891357)], [('6手機殼', 0.9921175837516785)], [('系列', 0.9969332218170166)], [('4755', 0.9606742858886719)]]"
198,〈予定販売〉1132 - Ed Hardy「 Iphone7 6 6s 5 5s 4 4s se 手機殼」,Mobile & Gadgets,"[[('android保護殼', 0.9961957335472107)], [('q哥', 0.9974492788314819)], [('智慧型', 0.9980959892272949)], [('玩水', 0.9965677261352539)], [('本命年', 0.9931303858757019)]]"
199,現貨【愛麗絲空壓防摔殼】iPhone7 / i6 Plus 防摔殼 空壓殼 氣墊殼 愛麗絲仙境 手機套 手機殼 卡通,Mobile & Gadgets,"[[('各色', 0.9926102161407471)], [('客製化手機殼', 0.9945923686027527)], [('手機', 0.994784951210022)], [('手機殼', 0.99593186378479)], [('手機殼', 0.9955277442932129)], [('iu', 0.9936854839324951)], [('減壓', 0.9857224822044373)], [('河馬', 0.96916264295578)], [('iphone6手機殼', 0.9786381721496582)], [('米奇手機殼', 0.9548813104629517)]]"
